proposition_id,scholar_id,proposition_text_zh,year,concept_ids,evidence_passage_ids
PROP_LIPPMANN_1922_A,SCH_LIPPMANN,舆论是公众对于公共事务的看法，人们通过「拟态环境」而非真实环境来认识世界。,1922,CONCEPT_PUBLIC_OPINION;CONCEPT_PSEUDO_ENVIRONMENT,PAS_0001
PROP_MCLUHAN_1964_A,SCH_MCLUHAN,媒介即讯息——媒介本身而非其传递的内容才是真正改变社会的力量。,1964,CONCEPT_MEDIUM_MESSAGE,PAS_0002
PROP_MCLUHAN_1964_B,SCH_MCLUHAN,电子媒介使世界变成一个「地球村」，人类重新回归部落化状态。,1964,CONCEPT_GLOBAL_VILLAGE,PAS_0002
PROP_SCHRAMM_1948_A,SCH_SCHRAMM,传播学是一门独立学科，需要系统的理论建构和实证研究方法。,1948,CONCEPT_PUBLIC_OPINION,PAS_0003
PROP_LAZARSFELD_1944_A,SCH_LAZARSFELD,信息从媒介流向意见领袖，再由意见领袖传播给普通公众（两级传播）。,1944,CONCEPT_TWO_STEP_FLOW,PAS_0004
PROP_HABERMAS_1962_A,SCH_HABERMAS,公共领域是介于国家和社会之间的公共空间，公民在此进行理性讨论和批判。,1962,CONCEPT_PUBLIC_SPHERE,PAS_0005
PROP_PULITZER_1904_A,SCH_PULITZER,新闻业应该是一种公共服务，记者应接受专业教育并遵守职业道德。,1904,CONCEPT_OBJECTIVITY,PAS_0006
PROP_LIANG_1898_A,SCH_LIANG_QICHAO,报刊应当「去塞求通」——打破信息壁垒，沟通上下，启迪民智。,1898,CONCEPT_PRESS_FREEDOM,PAS_0007
PROP_ZHANG_1926_A,SCH_ZHANG_JILUAN,办报应坚持「不党、不卖、不私、不盲」，保持独立与公正。,1926,CONCEPT_OBJECTIVITY,PAS_0008
PROP_SHAO_1918_A,SCH_SHAO_PIAOPING,新闻记者应当「铁肩担道义，辣手著文章」，为民请命。,1918,CONCEPT_FOURTH_ESTATE,PAS_0009
PROP_MCCOMBS_1972_A,SCH_MCCOMBS,媒介可能无法告诉人们怎么想，但能成功地告诉人们想什么（议程设置）。,1972,CONCEPT_AGENDA_SETTING,PAS_0010
PROP_ADORNO_1944_A,SCH_ADORNO,文化工业将艺术商品化，使大众文化成为控制和操纵公众意识的工具。,1944,CONCEPT_PROPAGANDA,PAS_0011
PROP_HORKHEIMER_1937_A,SCH_HORKHEIMER,工具理性的膨胀导致理性异化，启蒙精神走向其反面，成为新的统治形式。,1937,CONCEPT_PROPAGANDA,PAS_0012
PROP_MARCUSE_1964_A,SCH_MARCUSE,发达工业社会通过技术控制和消费主义，将人塑造成「单向度的人」，丧失批判性思维。,1964,CONCEPT_PROPAGANDA,PAS_0013
PROP_BENJAMIN_1936_A,SCH_BENJAMIN,机械复制时代艺术品失去了「灵韵」，但也为艺术的民主化和政治化开辟了可能。,1936,CONCEPT_MEDIUM_MESSAGE,PAS_0014
PROP_FROMM_1941_A,SCH_FROMM,现代人为逃避自由带来的孤独与焦虑，倾向于服从权威或追随群体，放弃个人自主性。,1941,CONCEPT_PUBLIC_OPINION,PAS_0015
PROP_MILTON_1644_A,SCH_MILTON,真理与谬误在公开辩论中交锋，真理必将战胜谬误——这是出版自由的根本理由。,1644,CONCEPT_PRESS_FREEDOM,PAS_0034
PROP_JEFFERSON_1787_A,SCH_JEFFERSON,新闻自由是民主制度的基石，没有报刊批评的政府必将走向专制。,1787,CONCEPT_PRESS_FREEDOM,PAS_0035
PROP_BENNETT_1835_A,SCH_BENNETT,新闻应该摆脱政党控制，以独立、廉价、面向大众的商业模式运营。,1835,CONCEPT_OBJECTIVITY,PAS_0036
PROP_TARBELL_1904_A,SCH_TARBELL,调查性新闻应当揭露企业垄断和政治腐败，为公众利益服务。,1904,CONCEPT_FOURTH_ESTATE,PAS_0037
PROP_MURROW_1940_A,SCH_MURROW,广播新闻应当直面社会问题，记者有责任挑战权威、揭示真相。,1940,CONCEPT_FOURTH_ESTATE,PAS_0038
PROP_WOODWARD_1972_A,SCH_WOODWARD,调查新闻的核心是追查证据链，坚持事实核查，让权力接受监督。,1972,CONCEPT_WATCHDOG,PAS_0039
PROP_HALL_1973_A,SCH_HALL,受众并非被动接受媒介信息，而是根据自身立场进行编码与解码的意义协商。,1973,CONCEPT_ENCODING_DECODING,PAS_0040
PROP_CASTELLS_1996_A,SCH_CASTELLS,信息技术革命催生了网络社会，权力流动于全球网络节点之间。,1996,CONCEPT_NETWORK_SOCIETY,PAS_0041
PROP_POSTMAN_1985_A,SCH_POSTMAN,电视将一切公共话语转化为娱乐形式，我们正在「娱乐至死」。,1985,CONCEPT_MEDIA_ECOLOGY,PAS_0042
PROP_CHOMSKY_1988_A,SCH_CHOMSKY,大众媒体通过宣传模式「制造共识」，为精英阶层的利益服务。,1988,CONCEPT_PROPAGANDA_MODEL,PAS_0043
PROP_IVY_LEE_1906_A,SCH_IVY_LEE,公共关系应建立在公开、诚实的原则上，企业有义务向公众披露信息。,1906,CONCEPT_PUBLIC_RELATIONS,PAS_0044
PROP_BERNAYS_1923_A,SCH_BERNAYS,公共关系是「舆论的结晶」工程，通过科学方法引导公众意见。,1923,CONCEPT_PUBLIC_RELATIONS,PAS_0045
PROP_WANG_TAO_1874_A,SCH_WANG_TAO,变法自强——中国欲自强必先变法，而变法必先从报刊开始启迪民智。,1874,CONCEPT_PRESS_FREEDOM,PAS_0024
PROP_KANG_YOUWEI_1895_A,SCH_KANG_YOUWEI,报刊启蒙——报刊为维新变法之利器，可开民智、通下情、振士气。,1895,CONCEPT_PUBLIC_SPHERE,PAS_0025
PROP_YAN_FU_1897_A,SCH_YAN_FU,通上下之情——报刊应沟通上下，使民情达于上，国政达于下。,1897,CONCEPT_PUBLIC_OPINION,PAS_0026
PROP_CHEN_DUXIU_1915_A,SCH_CHEN_DUXIU,新青年与新文化——以青年为对象，倡导民主与科学，推动思想启蒙。,1915,CONCEPT_PUBLIC_SPHERE,PAS_0027
PROP_LI_DAZHAO_1919_A,SCH_LI_DAZHAO,马克思主义传播——通过报刊介绍和传播马克思主义，唤醒中国青年。,1919,CONCEPT_PROPAGANDA,PAS_0028
PROP_ZOU_TAOFEN_1930_A,SCH_ZOU_TAOFEN,抗日救亡舆论——报刊应为民众喉舌，动员全民抗日救国。,1930,CONCEPT_FOURTH_ESTATE,PAS_0029
PROP_FAN_CHANGJIANG_1936_A,SCH_FAN_CHANGJIANG,现代通讯报道——以亲身采访为基础，开创中国现代新闻通讯体裁。,1936,CONCEPT_OBJECTIVITY,PAS_0030
PROP_LU_XUN_1918_A,SCH_LU_XUN,以笔为枪的杂文——杂文是匕首和投枪，应当揭露社会黑暗、唤醒民众。,1918,CONCEPT_FOURTH_ESTATE,PAS_0031
PROP_MAO_ZEDONG_1919_A,SCH_MAO_ZEDONG,党报理论——报纸是党的喉舌，是党联系群众的桥梁和纽带。,1919,CONCEPT_PROPAGANDA,PAS_0032
PROP_XU_BAOHUANG_1918_A,SCH_XU_BAOHUANG,新闻教育——新闻学是一门独立学科，记者需要系统的专业教育。,1918,CONCEPT_OBJECTIVITY,PAS_0033
PROP_LASSWELL_1948_A,SCH_LASSWELL,传播过程可以用5W模式描述：谁（Who）、说什么（Says What）、通过什么渠道（In Which Channel）、对谁说（To Whom）、取得什么效果（With What Effect）。,1948,CONCEPT_5W_MODEL,PAS_0016
PROP_LEWIN_1947_A,SCH_LEWIN,信息在传播渠道中流动时，必须经过某些「把关人」的筛选，他们决定哪些信息可以继续传播。,1947,CONCEPT_GATEKEEPER,PAS_0017
PROP_HOVLAND_1953_A,SCH_HOVLAND,说服效果取决于信息来源的可信度、信息内容的组织方式以及受众的心理特征。,1953,CONCEPT_PERSUASION,PAS_0018
PROP_SHANNON_1948_A,SCH_SHANNON,通信的基本问题是在一点精确地或近似地复现在另一点所选取的讯息，信息可以用数学方法量化。,1948,CONCEPT_INFORMATION_THEORY,PAS_0019
PROP_WIENER_1948_A,SCH_WIENER,控制论研究动物和机器中控制和通信的科学，反馈机制是系统自我调节的关键。,1948,CONCEPT_CYBERNETICS,PAS_0020
PROP_NOELLE_NEUMANN_1974_A,SCH_NOELLE_NEUMANN,当人们感知到自己的观点属于少数时，会倾向于保持沉默，形成「沉默的螺旋」效应。,1974,CONCEPT_SPIRAL_OF_SILENCE,PAS_0021
PROP_GERBNER_1976_A,SCH_GERBNER,长期接触电视内容会使观众对社会现实的认知趋向电视所呈现的图景（涵化效果）。,1976,CONCEPT_CULTIVATION,PAS_0022
PROP_ROGERS_1962_A,SCH_ROGERS,创新通过特定渠道在社会系统成员间传播，采纳者可分为创新者、早期采纳者、早期多数、晚期多数和落后者。,1962,CONCEPT_DIFFUSION,PAS_0023
PROP_WILLIAMS_1958_A,SCH_WILLIAMS,文化是普通的——文化不是精英的专属，而是整个生活方式，包括普通人的日常实践。,1958,CONCEPT_ENCODING_DECODING,PAS_0046
PROP_HOGGART_1957_A,SCH_HOGGART,工人阶级文化具有独特价值，大众文化的商业化正在侵蚀传统社区的有机联系。,1957,CONCEPT_ENCODING_DECODING,PAS_0047
PROP_EP_THOMPSON_1963_A,SCH_EP_THOMPSON,工人阶级不是被动的历史客体，而是通过文化实践主动创造自身历史的能动主体。,1963,CONCEPT_ENCODING_DECODING,PAS_0048
PROP_MORLEY_1980_A,SCH_MORLEY,电视观众根据自身社会位置对节目进行不同解读，存在主导、协商和对抗三种解码立场。,1980,CONCEPT_ENCODING_DECODING,PAS_0049
PROP_FISKE_1989_A,SCH_FISKE,大众文化中存在快感与抵抗的政治，受众能够从主流文本中创造出对抗性意义。,1989,CONCEPT_ENCODING_DECODING,PAS_0050
PROP_SARNOFF_1926_A,SCH_SARNOFF,广播应当成为商业化的大众娱乐媒体，通过广告支持实现免费收听的公共服务。,1926,CONCEPT_MEDIUM_MESSAGE,PAS_0060
PROP_PALEY_1928_A,SCH_PALEY,广播网络应当以节目质量取胜，通过明星制和优质娱乐内容建立品牌忠诚度。,1928,CONCEPT_MEDIUM_MESSAGE,PAS_0061
PROP_WALTERS_1976_A,SCH_WALTERS,女性新闻工作者能够胜任严肃政治报道，电视新闻应当突破性别界限。,1976,CONCEPT_FOURTH_ESTATE,PAS_0062
PROP_TURNER_1980_A,SCH_TURNER,新闻不应受制于时段限制，24小时全天候新闻频道能够满足公众即时知情的需求。,1980,CONCEPT_GLOBAL_VILLAGE,PAS_0063
PROP_PAGE_1927_A,SCH_PAGE,企业公共关系应当建立在真诚透明的基础上，公司行为必须与公众利益相一致。,1927,CONCEPT_PUBLIC_RELATIONS,PAS_0064
PROP_BYOIR_1930_A,SCH_BYOIR,公共关系是一种全方位的专业服务，涵盖研究、策划、执行和评估的完整流程。,1930,CONCEPT_PUBLIC_RELATIONS,PAS_0065
PROP_BURSON_1953_A,SCH_BURSON,公共关系必须全球化运作，跨国企业需要统一协调的国际传播策略。,1953,CONCEPT_PUBLIC_RELATIONS,PAS_0066
PROP_DAN_SCHILLER_1999_A,SCH_DAN_SCHILLER,数字资本主义——信息技术和网络并非中立工具，而是资本主义逻辑的延伸，服务于企业利润和市场扩张。,1999,CONCEPT_NETWORK_SOCIETY,PAS_0070
PROP_MOSCO_1996_A,SCH_MOSCO,传播政治经济学研究权力如何介入传播资源的生产、分配和消费，商品化、空间化和结构化是核心过程。,1996,CONCEPT_PROPAGANDA_MODEL,PAS_0071
PROP_MURDOCK_1982_A,SCH_MURDOCK,媒体所有权集中削弱了内容多样性和公共利益，少数企业控制信息流动威胁民主参与。,1982,CONCEPT_PROPAGANDA_MODEL,PAS_0072
PROP_LEVINSON_1999_A,SCH_LEVINSON,新新媒介——互联网和数字媒介延续并增强了人类感官和认知能力，是媒介进化的必然结果。,1999,CONCEPT_MEDIA_ECOLOGY,PAS_0073
PROP_STRATE_1998_A,SCH_STRATE,媒介生态学研究媒介环境如何影响人类感知、理解和价值观，媒介是塑造文化的隐性力量。,1998,CONCEPT_MEDIA_ECOLOGY,PAS_0074
PROP_NYSTROM_1973_A,SCH_NYSTROM,媒介生态学是关于媒介环境的研究，探索媒介如何影响人类感知、情感、认知和价值观。,1973,CONCEPT_MEDIA_ECOLOGY,PAS_0075
PROP_PARK_1921_A,SCH_PARK,城市是一个社会实验室，报纸在城市生态系统中扮演着信息流通和社会整合的重要角色。,1921,CONCEPT_URBAN_ECOLOGY,PAS_0051
PROP_MEAD_1934_A,SCH_MEAD,自我是通过社会互动形成的，人们通过「有意义的符号」进行沟通，语言是社会化的核心媒介。,1934,CONCEPT_SYMBOLIC_INTERACTION,PAS_0052
PROP_BLUMER_1937_A,SCH_BLUMER,人们根据事物对他们的意义来行动，意义产生于社会互动，并在解释过程中不断被修改。,1937,CONCEPT_SYMBOLIC_INTERACTION,PAS_0053
PROP_ONG_1982_A,SCH_ONG,书写技术重构了人类意识，口语文化与书面文化代表了两种根本不同的思维方式和社会组织形态。,1982,CONCEPT_MEDIA_ECOLOGY,PAS_0054
PROP_HAVELOCK_1963_A,SCH_HAVELOCK,古希腊从口语向书面文化的转变催生了抽象思维和哲学，字母文字是西方理性传统的技术基础。,1963,CONCEPT_MEDIA_ECOLOGY,PAS_0055
PROP_DEKERCKHOVE_1995_A,SCH_DEKERCKHOVE,数字网络正在创造「联网智能」，互联网延伸了人类的神经系统，形成一种集体心智形态。,1995,CONCEPT_NETWORK_SOCIETY,PAS_0056
PROP_JANIS_1972_A,SCH_JANIS,高凝聚力群体在决策时容易产生「群体思维」，成员为维护一致性而压制异议，导致非理性决策。,1972,CONCEPT_GROUPTHINK,PAS_0090
PROP_SHAW_1972_A,SCH_SHAW,媒介通过选择性报道设置公众议程，公众对议题重要性的认知与媒介报道量呈正相关。,1972,CONCEPT_AGENDA_SETTING,PAS_0091
PROP_GROSS_1976_A,SCH_GROSS,电视对边缘群体的刻板化呈现会强化观众的偏见认知，少数群体形象的主流化是涵化效果的重要维度。,1976,CONCEPT_CULTIVATION,PAS_0092
PROP_ZHENG_GUANYING_1894_A,SCH_ZHENG_GUANYING,商战——商务乃国家富强之本，应以商立国，兴办实业，与列强进行商业竞争。,1894,CONCEPT_PRESS_FREEDOM,PAS_0093
PROP_LAM_HANGCHI_1973_A,SCH_LAM_HANGCHI,财经评论应独立客观，以专业分析服务读者，报刊是工商社会的公器。,1973,CONCEPT_FOURTH_ESTATE,PAS_0094
PROP_BO_GU_1931_A,SCH_BO_GU,红色中华通讯社是党的耳目喉舌，新华社继承其革命传统，担负党的新闻宣传使命。,1931,CONCEPT_PROPAGANDA,PAS_0080
PROP_YANG_SHANGKUN_1940_A,SCH_YANG_SHANGKUN,延安新华广播电台是党领导下的人民广播事业起点，开创了中国革命广播新纪元。,1940,CONCEPT_PROPAGANDA,PAS_0081
PROP_LIAO_CHENGZHI_1949_A,SCH_LIAO_CHENGZHI,对外宣传是让世界了解中国的窗口，应向国际社会传播中国革命的真实声音。,1949,CONCEPT_PROPAGANDA,PAS_0082
PROP_HUANG_TIANPENG_1930_A,SCH_HUANG_TIANPENG,新闻学应有完整的理论体系，从新闻本质、采访编辑到报业经营需系统研究。,1930,CONCEPT_OBJECTIVITY,PAS_0083
PROP_REN_BAITAO_1941_A,SCH_REN_BAITAO,新闻学是一门综合性学科，应融合社会学、心理学、政治学等多学科视角。,1941,CONCEPT_OBJECTIVITY,PAS_0084
PROP_FANG_HANQI_1992_A,SCH_FANG_HANQI,中国新闻事业发展有其独特规律，应从历史视角系统梳理中国新闻传播史。,1992,CONCEPT_OBJECTIVITY,PAS_0085
PROP_WHITE_1950_A,SCH_WHITE,"把关人模式：进入电讯编辑部的新闻稿件约九成被弃用，传媒组织是信息流通中实际的""把关人""，新闻选择高度依赖编辑的个人价值判断。",1950,CONCEPT_GATEKEEPING,PAS_0098
PROP_TICHENOR_1970_A,SCH_TICHENOR,知识沟假说：社会经济地位高者获取信息更快，因此大众媒介传送的信息越多，不同群体之间的知识鸿沟越大而非缩小。,1970,CONCEPT_KNOWLEDGE_GAP,PAS_0095
PROP_GOFFMAN_1974_A,SCH_GOFFMAN,框架是人们用来认识世界、定义情境、解释社会事件的认知结构——对一个人来说，真实的东西就是其对情景的定义。,1974,CONCEPT_FRAMING,PAS_0096
PROP_ENTMAN_1993_A,SCH_ENTMAN,"框架化的本质在于""选择""与""凸显""：从感知到的现实中挑选某些方面使其在传播文本中更突出，以促进特定的问题界定、因果解释、道德评价与处理建议。",1993,CONCEPT_FRAMING,PAS_0097
PROP_SUNSTEIN_2001_A,SCH_SUNSTEIN,网络是群体极化的温床：过度的自主信息选择使个人困于信息茧房与回音室，同质群体经讨论后态度比先前更加极端。,2001,CONCEPT_ECHO_CHAMBER;CONCEPT_INFORMATION_COCOON,PAS_0099
PROP_JENKINS_2006_A,SCH_JENKINS,融合文化：媒介融合不仅是技术过程更是文化过程，媒介消费者成为融合文化的积极参与者，参与式文化与跨媒体叙事由此兴起。,2006,CONCEPT_PARTICIPATORY_CULTURE;CONCEPT_MEDIA_CONVERGENCE,PAS_0100
PROP_SHIRKY_2008_A,SCH_SHIRKY,"人人时代：网络工具极大降低了协调成本，使无组织的人群得以实现分享、协同生产与集体行动——""无组织的组织力量""重塑社会协作方式。",2008,CONCEPT_ORGANIZING_WITHOUT_ORGANIZATIONS,PAS_0101
PROP_PARISER_2011_A,SCH_PARISER,过滤气泡：个性化算法依据用户的点击历史与行为数据过滤掉与其观点相左的内容，把每个人封闭在同质化的信息气泡之中。,2011,CONCEPT_FILTER_BUBBLE,PAS_0102
PROP_GUO_1999_A,SCH_GUO_QINGGUANG,《传播学教程》出版：以概念的明晰性与理论的系统性引介传播学体系，成为中国传播学学科教材化、建制化的标志性成果。,1999,,PAS_0103
PROP_CHEN_2008_A,SCH_CHEN_LIDAN,《新闻理论十讲》以十讲形式重构新闻学基本理论，将舆论分解为主体、客体、数量、强烈程度、持续性等八大要素。,2008,CONCEPT_PUBLIC_OPINION,PAS_0104
PROP_LI_1985_A,SCH_LI_LIANGRONG,建国后国内第一本《新闻学概论》教材问世，确立了中国新闻学理论教材的基本框架，此后经多次修订影响数代新闻学子。,1985,,PAS_0105
PROP_PENG_2001_A,SCH_PENG_LAN,《网络传播概论》出版，系统建构网络传播的知识体系，成为中国网络传播研究的代表性著作与高校核心教材。,2001,,PAS_0106
